Day,Date,Slug,Title,Target Keyword,Category,Meta Description,Status
1,2026-03-30,ai-marketing-stack-local-businesses-double-leads,The AI Marketing Stack That's Helping Local Businesses Double Their Leads in 90 Days,ai marketing local businesses,AI Marketing,Google Ads + Meta Ads + WhatsApp + SEO running together. Here's the full stack that gets local businesses 40-60 leads/month.,Published
2,2026-03-30,meta-ads-vs-google-ads-contractors,Meta Ads vs Google Ads for Contractors: Which One Gets You More Customers?,meta ads vs google ads contractors,Paid Ads,Every contractor asks: Facebook or Google? Here's the honest breakdown — and when to run both.,Published
3,2026-03-31,whatsapp-automation-service-businesses,How to Never Miss a Lead Again: WhatsApp Automation for Service Businesses,whatsapp automation service businesses,Automation,78% of customers book with the first business that responds. Here's how to respond in 60 seconds — without touching your phone.,Published
4,2026-04-01,google-ads-mistakes-local-businesses,Why Most Local Businesses Waste Their Google Ads Budget (And the 3-Step Fix),google ads mistakes local businesses,Google Ads,Broad match keywords. No conversion tracking. No negative lists. Here's why your Google Ads aren't working — and how to fix it.,Pending
5,2026-04-02,google-maps-local-pack-rank,How to Rank in the Google Maps Top 3 in 90 Days,rank google maps top 3,Local SEO,The Local Pack gets 44% of all clicks for local searches. Here's the exact process to get your business into those 3 spots.,Pending
6,2026-04-03,get-more-google-reviews-automated,How to Get More Google Reviews Automatically (Without Begging Customers),get more google reviews,Local SEO,Reviews are the #1 Google Maps ranking signal. Here's the automated follow-up system that generates 5-10 new reviews per month.,Pending
7,2026-04-04,whatsapp-vs-email-sms-leads,WhatsApp vs Email vs SMS: Which Gets More Leads for Service Businesses?,whatsapp vs email vs sms marketing,Automation,WhatsApp has a 98% open rate. Email has 20%. Here's why service businesses are switching — and how to set it up.,Pending
8,2026-04-05,facebook-ad-funnel-contractors,The Facebook Ad Funnel That Generates Consistent Leads for Contractors,facebook ads contractors,Meta Ads,Awareness. Retargeting. Conversion. The 3-layer Meta funnel that turns cold audiences into booked appointments.,Pending
9,2026-04-06,local-seo-vs-google-ads,Local SEO vs Google Ads: Which Should You Prioritize in 2026?,local seo vs google ads,Strategy,Ads give you leads today. SEO gives you leads forever. Here's how to decide which one your business needs first.,Pending
10,2026-04-07,google-business-profile-optimization,Google Business Profile Optimization: The Complete 2026 Checklist,google business profile optimization 2026,Local SEO,Most businesses set up their Google Business Profile once and forget it. Here's everything you need to do to dominate local search.,Pending
11,2026-04-08,roofing-meta-ads-strategy,How Roofers Can Use Meta Ads to Fill Their Pipeline Year-Round,meta ads roofing contractors,Meta Ads,Storm season is too late to start running ads. Here's the Meta Ads strategy that keeps roofing leads coming in every month.,Pending
12,2026-04-09,ai-content-creation-local-businesses,AI Content Creation for Local Businesses: What Actually Works in 2026,ai content creation local business,AI Marketing,AI can write 30 posts in the time it takes to write one. Here's how to use it without sounding like a robot.,Pending
13,2026-04-10,lawyers-google-ads-more-clients,How Lawyers Can Get More Clients from Google Ads,google ads for lawyers,Google Ads,Legal keywords cost $50-100 per click. Here's how to structure your campaigns so every dollar works harder.,Pending
14,2026-04-11,hvac-marketing-strategy-leads,The HVAC Marketing Strategy That Generates 50+ Leads Per Month,hvac marketing strategy leads,Strategy,HVAC is seasonal — unless you have a system that runs year-round. Here's how the top HVAC companies stay busy in the off-season.,Pending
15,2026-04-12,doctors-google-ads-more-patients,How Doctors and Medical Practices Can Get More Patients from Google,google ads medical practice,Google Ads,Patients search Google before they call. Here's how to show up first — and turn searches into booked appointments.,Pending
16,2026-04-13,social-media-automation-contractors,Social Media Automation for Contractors: Post Every Day Without Touching Your Phone,social media automation contractors,Automation,Consistency beats audience size every time. Here's how contractors are posting daily on 3 platforms without writing a single word.,Pending
17,2026-04-14,click-to-whatsapp-ads-strategy,The Click-to-WhatsApp Ad Strategy That's Crushing Traditional Lead Forms,click to whatsapp ads,Meta Ads,No landing page. No form. Just a click that opens a conversation. Here's why Click-to-WhatsApp converts 3x better for service businesses.,Pending
18,2026-04-15,plumbers-dominate-local-search,How Plumbers Can Dominate Local Search and Get More Emergency Calls,local seo plumbers,Local SEO,Emergency plumbing searches happen 24/7. Here's how to make sure your business shows up — and responds — every single time.,Pending
19,2026-04-16,retargeting-ads-contractors,Retargeting Ads for Contractors: Turn Website Visitors Into Customers,retargeting ads contractors,Meta Ads,97% of people who visit your website leave without calling. Retargeting brings them back. Here's how to set it up.,Pending
20,2026-04-17,ai-booking-agent-service-business,AI Booking Agents: How Service Businesses Are Running 24/7 Sales Without Extra Staff,ai booking agent service business,Automation,A legal firm saved 15 hours/week by letting AI handle lead intake. Here's what an AI booking agent actually does — and costs.,Pending
21,2026-04-18,electricians-more-leads-google,How Electricians Can Get More Leads from Google Without Increasing Ad Spend,google ads electricians local seo,Google Ads,Electrical searches spike after storms and renovations. Here's how to be the first name people see — and call.,Pending
22,2026-04-19,seo-blog-posts-rank-google,How to Write SEO Blog Posts That Actually Rank on Google in 2026,seo blog posts rank google 2026,SEO & Content,Most blog posts never rank. Here's the exact structure — title, H2s, internal links, keyword density — that gets pages to page 1.,Pending
23,2026-04-20,whatsapp-lead-funnel-meta-ads,How to Build a WhatsApp Lead Funnel from Your Meta Ads,whatsapp lead funnel meta ads,Automation,Meta Ad → WhatsApp bot → booked appointment. The highest-converting funnel for service businesses in 2026.,Pending
24,2026-04-21,home-services-meta-ads-guide,The Complete Meta Ads Guide for Home Services Businesses,meta ads home services,Meta Ads,HVAC, roofing, plumbing, landscaping — here's how to run Facebook and Instagram ads that actually generate service calls.,Pending
25,2026-04-22,automate-follow-up-stop-losing-leads,How to Automate Your Follow-Up and Stop Losing Leads to Competitors,automate follow up leads service business,Automation,The average business follows up with a lead once. The average customer needs 5 touchpoints. Here's how to automate all 5.,Pending
26,2026-04-23,local-domination-own-google-first-page,Local Domination: How One Business Can Own Google's Entire First Page,local seo domination google first page,Strategy,Paid ads. Maps pack. Organic results. What happens when one business shows up in all three? Here's the compound effect.,Pending
27,2026-04-24,google-ads-quality-score-guide,Google Ads Quality Score: Why It Matters and How to Improve It Fast,google ads quality score,Google Ads,A low Quality Score means you pay more per click than your competitors — for worse placement. Here's how to fix it.,Pending
28,2026-04-25,instagram-ads-service-businesses,Instagram Ads for Service Businesses: The Creative Strategy That Converts,instagram ads service businesses,Meta Ads,Before/after photos. Job site videos. Customer testimonials. Here's exactly what creative works on Instagram for service businesses.,Pending
29,2026-04-26,ai-automation-marketing-2026,How AI Is Changing Local Marketing in 2026 (And What It Means for Your Business),ai marketing automation 2026,AI Marketing,AI doesn't replace marketers — it replaces businesses that don't use it. Here's what's changed and how to stay ahead.,Pending
30,2026-04-27,complete-local-business-marketing-system,The Complete Local Business Marketing System: From Zero to 50 Leads Per Month,local business marketing system leads,Strategy,Google Ads + Meta Ads + WhatsApp + SEO + Google Maps. Here's the full system mapped out — and how to build it step by step.,Pending
